transaction_id,processor,country,payment_method,amount,currency,status,created_at,captured_at
CT-202608-00000,dLocal,BR,credit_card,2234.23,BRL,captured,2026-07-21,2026-07-21
CT-202608-00001,PayU Latam,CO,cash,177616,COP,authorized,2026-07-20,
CT-202608-00002,dLocal,MX,spei,2795.60,MXN,captured,2026-07-23,2026-07-23
CT-202608-00003,Adyen,BR,pix,485.34,BRL,captured,2026-08-08,2026-08-08
CT-202608-00004,PayU Latam,CO,cash,1402101,COP,captured,2026-08-08,2026-08-09
CT-202608-00005,Adyen,BR,credit_card,737.42,BRL,authorized,2026-07-23,
CT-202608-00006,Adyen,US,debit_card,41.42,USD,captured,2026-08-12,2026-08-12
CT-202608-00007,Adyen,BR,pix,84.92,BRL,captured,2026-08-11,2026-08-11
CT-202608-00008,Adyen,BR,credit_card,864.91,BRL,refunded,2026-08-02,2026-08-02
CT-202608-00009,Stripe,US,credit_card,55.89,USD,captured,2026-08-14,2026-08-14
CT-202608-00010,Adyen,MX,credit_card,355.48,MXN,authorized,2026-07-17,
CT-202608-00011,dLocal,MX,spei,3245.68,MXN,captured,2026-07-16,2026-07-17
CT-202608-00012,Adyen,US,debit_card,152.99,USD,captured,2026-08-02,2026-08-02
CT-202608-00013,dLocal,BR,pix,1890.38,BRL,captured,2026-07-26,2026-07-27
CT-202608-00014,dLocal,CO,credit_card,628567,COP,authorized,2026-08-07,
CT-202608-00015,dLocal,BR,pix,1478.58,BRL,authorized,2026-08-08,
CT-202608-00016,Adyen,MX,credit_card,4126.64,MXN,captured,2026-08-05,2026-08-05
CT-202608-00017,Adyen,US,debit_card,21.24,USD,authorized,2026-07-22,
CT-202608-00018,Adyen,US,credit_card,410.80,USD,authorized,2026-07-25,
CT-202608-00019,Adyen,US,debit_card,303.46,USD,captured,2026-08-14,2026-08-14
CT-202608-00020,dLocal,BR,credit_card,1593.70,BRL,captured,2026-08-08,2026-08-08
CT-202608-00021,dLocal,MX,credit_card,6584.18,MXN,refunded,2026-08-10,2026-08-10
CT-202608-00022,Adyen,US,debit_card,420.18,USD,captured,2026-08-10,2026-08-10
CT-202608-00023,Stripe,US,credit_card,267.49,USD,captured,2026-08-10,2026-08-10
CT-202608-00024,Adyen,US,credit_card,289.80,USD,failed,2026-07-23,
CT-202608-00025,Stripe,US,credit_card,233.03,USD,captured,2026-08-06,2026-08-06
CT-202608-00026,Stripe,MX,credit_card,6680.69,MXN,captured,2026-08-03,2026-08-03
CT-202608-00027,dLocal,BR,pix,737.26,BRL,captured,2026-08-13,2026-08-13
CT-202608-00028,PayU Latam,CO,credit_card,1746879,COP,captured,2026-08-10,2026-08-11
CT-202608-00029,PayU Latam,CO,pse,147499,COP,authorized,2026-07-26,
CT-202608-00030,PayU Latam,CO,pse,1269688,COP,captured,2026-07-31,2026-07-31
CT-202608-00031,dLocal,MX,spei,3341.98,MXN,captured,2026-07-18,2026-07-18
CT-202608-00032,Adyen,MX,debit_card,2321.71,MXN,captured,2026-07-28,2026-07-29
CT-202608-00033,Adyen,MX,debit_card,1112.50,MXN,captured,2026-08-11,2026-08-11
CT-202608-00034,dLocal,BR,credit_card,2412.02,BRL,captured,2026-07-23,2026-07-23
CT-202608-00035,dLocal,BR,credit_card,1584.05,BRL,captured,2026-07-17,2026-07-17
CT-202608-00036,dLocal,CO,credit_card,386038,COP,failed,2026-07-28,
CT-202608-00037,Adyen,US,credit_card,471.35,USD,captured,2026-07-29,2026-07-29
CT-202608-00038,dLocal,BR,pix,437.15,BRL,captured,2026-08-12,2026-08-13
CT-202608-00039,Adyen,US,credit_card,154.78,USD,captured,2026-07-28,2026-07-28
CT-202608-00040,Adyen,US,debit_card,233.67,USD,authorized,2026-08-08,
CT-202608-00041,PayU Latam,CO,cash,575681,COP,captured,2026-07-26,2026-07-27
CT-202608-00042,Adyen,MX,credit_card,3094.54,MXN,captured,2026-07-29,2026-07-29
CT-202608-00043,PayU Latam,CO,credit_card,826013,COP,captured,2026-07-24,2026-07-25
CT-202608-00044,Adyen,BR,debit_card,1695.04,BRL,authorized,2026-07-27,
CT-202608-00045,Stripe,MX,credit_card,3931.63,MXN,captured,2026-07-29,2026-07-29
CT-202608-00046,Adyen,BR,pix,1452.58,BRL,captured,2026-07-27,2026-07-28
CT-202608-00047,dLocal,MX,spei,5065.47,MXN,captured,2026-07-22,2026-07-22
CT-202608-00048,dLocal,CO,pse,875892,COP,captured,2026-08-11,2026-08-11
CT-202608-00049,Adyen,US,debit_card,367.78,USD,authorized,2026-08-10,
CT-202608-00050,dLocal,CO,credit_card,436499,COP,captured,2026-08-04,2026-08-04
CT-202608-00051,dLocal,BR,pix,951.44,BRL,captured,2026-07-17,2026-07-17
CT-202608-00052,PayU Latam,CO,credit_card,1064733,COP,captured,2026-07-25,2026-07-26
CT-202608-00053,dLocal,CO,credit_card,324296,COP,captured,2026-07-23,2026-07-23
CT-202608-00054,Adyen,US,debit_card,314.72,USD,captured,2026-07-22,2026-07-22
CT-202608-00055,PayU Latam,CO,credit_card,354997,COP,refunded,2026-07-26,2026-07-26
CT-202608-00056,Stripe,US,debit_card,352.79,USD,captured,2026-07-16,2026-07-16
CT-202608-00057,dLocal,BR,pix,932.17,BRL,refunded,2026-07-24,2026-07-25
CT-202608-00058,Adyen,MX,debit_card,7145.43,MXN,authorized,2026-08-13,
CT-202608-00059,Adyen,US,debit_card,269.77,USD,captured,2026-08-14,2026-08-14
CT-202608-00060,Adyen,MX,debit_card,5421.23,MXN,authorized,2026-08-06,
CT-202608-00061,Adyen,BR,pix,2245.53,BRL,captured,2026-07-30,2026-07-30
CT-202608-00062,Stripe,US,credit_card,485.17,USD,captured,2026-08-02,2026-08-02
CT-202608-00063,Stripe,US,credit_card,52.98,USD,captured,2026-07-25,2026-07-26
CT-202608-00064,Adyen,BR,credit_card,1205.40,BRL,refunded,2026-07-31,2026-07-31
CT-202608-00065,Stripe,US,credit_card,227.47,USD,captured,2026-07-31,2026-07-31
CT-202608-00066,Adyen,US,debit_card,84.28,USD,refunded,2026-08-07,2026-08-07
CT-202608-00067,dLocal,MX,credit_card,7548.79,MXN,captured,2026-07-23,2026-07-23
CT-202608-00068,Adyen,US,credit_card,25.58,USD,captured,2026-07-28,2026-07-28
CT-202608-00069,dLocal,BR,credit_card,222.42,BRL,failed,2026-08-02,
CT-202608-00070,Adyen,MX,credit_card,5661.95,MXN,captured,2026-08-08,2026-08-08
CT-202608-00071,dLocal,CO,pse,1356662,COP,authorized,2026-08-05,
CT-202608-00072,Adyen,US,credit_card,121.78,USD,captured,2026-07-30,2026-07-30
CT-202608-00073,Stripe,MX,credit_card,1675.56,MXN,captured,2026-08-02,2026-08-02
CT-202608-00074,Stripe,MX,oxxo,7169.05,MXN,captured,2026-07-26,2026-07-26
CT-202608-00075,dLocal,CO,pse,784261,COP,captured,2026-07-18,2026-07-19
CT-202608-00076,dLocal,BR,pix,906.90,BRL,captured,2026-07-30,2026-07-30
CT-202608-00077,dLocal,MX,credit_card,4149.66,MXN,captured,2026-08-11,2026-08-11
CT-202608-00078,PayU Latam,CO,pse,1615744,COP,captured,2026-07-17,2026-07-17
CT-202608-00079,dLocal,BR,pix,2430.82,BRL,captured,2026-08-10,2026-08-11
CT-202608-00080,Stripe,US,debit_card,128.97,USD,captured,2026-07-22,2026-07-22
CT-202608-00081,dLocal,MX,spei,7761.95,MXN,captured,2026-08-10,2026-08-10
CT-202608-00082,Stripe,US,debit_card,355.32,USD,captured,2026-07-27,2026-07-28
CT-202608-00083,dLocal,BR,credit_card,2260.27,BRL,captured,2026-07-27,2026-07-27
CT-202608-00084,Adyen,US,debit_card,385.92,USD,captured,2026-08-12,2026-08-12
CT-202608-00085,dLocal,BR,pix,1960.78,BRL,captured,2026-07-29,2026-07-30
CT-202608-00086,PayU Latam,CO,credit_card,1409780,COP,captured,2026-07-30,2026-07-30
CT-202608-00087,dLocal,CO,credit_card,251271,COP,captured,2026-08-12,2026-08-12
CT-202608-00088,Adyen,US,debit_card,363.32,USD,captured,2026-07-29,2026-07-29
CT-202608-00089,dLocal,CO,pse,1632611,COP,authorized,2026-07-28,
CT-202608-00090,Stripe,US,credit_card,11.32,USD,captured,2026-07-26,2026-07-27
CT-202608-00091,Adyen,MX,credit_card,1408.10,MXN,failed,2026-07-30,
CT-202608-00092,Stripe,US,debit_card,70.97,USD,captured,2026-07-27,2026-07-28
CT-202608-00093,PayU Latam,CO,cash,693208,COP,captured,2026-08-02,2026-08-02
CT-202608-00094,Adyen,US,debit_card,299.08,USD,failed,2026-08-01,
CT-202608-00095,Stripe,US,credit_card,285.55,USD,captured,2026-08-01,2026-08-01
CT-202608-00096,dLocal,BR,credit_card,1206.73,BRL,captured,2026-07-21,2026-07-21
CT-202608-00097,dLocal,CO,pse,997848,COP,captured,2026-08-09,2026-08-09
CT-202608-00098,dLocal,CO,pse,566113,COP,captured,2026-08-03,2026-08-04
CT-202608-00099,Adyen,BR,credit_card,699.50,BRL,captured,2026-07-28,2026-07-28
CT-202608-00100,Stripe,MX,oxxo,7205.64,MXN,failed,2026-07-23,
CT-202608-00101,dLocal,MX,credit_card,3199.74,MXN,captured,2026-07-19,2026-07-19
CT-202608-00102,Adyen,BR,debit_card,642.71,BRL,captured,2026-07-24,2026-07-25
CT-202608-00103,Adyen,BR,debit_card,582.84,BRL,authorized,2026-08-01,
CT-202608-00104,Stripe,MX,oxxo,8149.35,MXN,captured,2026-08-07,2026-08-07
CT-202608-00105,dLocal,MX,credit_card,6768.51,MXN,captured,2026-07-22,2026-07-23
CT-202608-00106,Adyen,US,debit_card,33.29,USD,authorized,2026-07-21,
CT-202608-00107,dLocal,BR,credit_card,1559.54,BRL,captured,2026-07-30,2026-07-30
CT-202608-00108,Adyen,MX,credit_card,5312.60,MXN,captured,2026-07-26,2026-07-26
CT-202608-00109,Adyen,US,credit_card,368.82,USD,captured,2026-08-11,2026-08-12
CT-202608-00110,dLocal,BR,pix,665.03,BRL,captured,2026-07-25,2026-07-25
CT-202608-00111,Stripe,MX,credit_card,3324.26,MXN,captured,2026-07-25,2026-07-25
CT-202608-00112,dLocal,CO,pse,731934,COP,captured,2026-08-10,2026-08-10
CT-202608-00113,Adyen,MX,debit_card,8637.37,MXN,captured,2026-07-20,2026-07-21
CT-202608-00114,dLocal,MX,credit_card,2582.39,MXN,captured,2026-08-11,2026-08-11
CT-202608-00115,PayU Latam,CO,pse,1553946,COP,captured,2026-07-19,2026-07-19
CT-202608-00116,dLocal,CO,pse,21650,COP,captured,2026-08-10,2026-08-10
CT-202608-00117,PayU Latam,CO,credit_card,1611178,COP,captured,2026-07-28,2026-07-28
CT-202608-00118,dLocal,MX,spei,8147.41,MXN,captured,2026-07-20,2026-07-21
CT-202608-00119,Adyen,MX,debit_card,2910.00,MXN,captured,2026-08-07,2026-08-07
CT-202608-00120,dLocal,BR,pix,762.10,BRL,captured,2026-07-25,2026-07-25
CT-202608-00121,dLocal,BR,pix,1436.18,BRL,captured,2026-07-24,2026-07-24
CT-202608-00122,Stripe,US,debit_card,398.01,USD,captured,2026-07-17,2026-07-18
CT-202608-00123,Adyen,BR,pix,1184.76,BRL,captured,2026-07-19,2026-07-19
CT-202608-00124,Stripe,US,debit_card,92.59,USD,captured,2026-07-30,2026-07-30
CT-202608-00125,Adyen,US,debit_card,151.69,USD,captured,2026-07-16,2026-07-16
CT-202608-00126,Adyen,BR,debit_card,1459.22,BRL,captured,2026-08-14,2026-08-14
CT-202608-00127,Adyen,BR,pix,447.05,BRL,authorized,2026-07-16,
CT-202608-00128,dLocal,CO,credit_card,1689355,COP,captured,2026-08-13,2026-08-13
CT-202608-00129,PayU Latam,CO,pse,1617685,COP,captured,2026-08-09,2026-08-09
CT-202608-00130,dLocal,BR,pix,550.86,BRL,authorized,2026-08-09,
CT-202608-00131,Adyen,BR,credit_card,443.12,BRL,failed,2026-07-24,
CT-202608-00132,Adyen,BR,credit_card,523.45,BRL,refunded,2026-07-28,2026-07-28
CT-202608-00133,PayU Latam,CO,cash,1345894,COP,captured,2026-08-11,2026-08-11
CT-202608-00134,dLocal,BR,credit_card,672.45,BRL,captured,2026-07-31,2026-07-31
CT-202608-00135,dLocal,BR,pix,1596.71,BRL,captured,2026-08-10,2026-08-10
CT-202608-00136,Adyen,BR,pix,48.44,BRL,captured,2026-08-12,2026-08-12
CT-202608-00137,Adyen,MX,credit_card,4353.72,MXN,refunded,2026-08-13,2026-08-13
CT-202608-00138,dLocal,BR,credit_card,1482.53,BRL,captured,2026-08-10,2026-08-11
CT-202608-00139,dLocal,CO,credit_card,1849867,COP,authorized,2026-07-29,
CT-202608-00140,Adyen,MX,credit_card,2562.32,MXN,captured,2026-07-21,2026-07-21
CT-202608-00141,dLocal,CO,credit_card,178515,COP,captured,2026-07-24,2026-07-25
CT-202608-00142,Adyen,BR,credit_card,979.74,BRL,captured,2026-08-11,2026-08-12
CT-202608-00143,dLocal,CO,credit_card,1936190,COP,captured,2026-07-19,2026-07-19
CT-202608-00144,Stripe,MX,oxxo,5029.15,MXN,captured,2026-08-11,2026-08-12
CT-202608-00145,dLocal,BR,pix,2452.47,BRL,captured,2026-08-01,2026-08-01
CT-202608-00146,Stripe,US,debit_card,397.29,USD,captured,2026-07-22,2026-07-22
CT-202608-00147,Adyen,US,debit_card,184.04,USD,captured,2026-08-08,2026-08-08
CT-202608-00148,PayU Latam,CO,credit_card,139387,COP,captured,2026-07-17,2026-07-18
CT-202608-00149,Adyen,MX,debit_card,4498.78,MXN,captured,2026-07-29,2026-07-30
CT-202608-00150,dLocal,BR,credit_card,2290.71,BRL,captured,2026-07-28,2026-07-28
CT-202608-00151,PayU Latam,CO,pse,225245,COP,captured,2026-07-21,2026-07-21
CT-202608-00152,dLocal,CO,credit_card,310076,COP,captured,2026-07-25,2026-07-25
CT-202608-00153,dLocal,CO,credit_card,1977600,COP,captured,2026-07-23,2026-07-23
CT-202608-00154,Stripe,US,credit_card,375.49,USD,captured,2026-07-28,2026-07-28
CT-202608-00155,dLocal,CO,credit_card,1594973,COP,captured,2026-08-08,2026-08-08
CT-202608-00156,Stripe,US,debit_card,192.34,USD,authorized,2026-07-27,
CT-202608-00157,dLocal,BR,credit_card,1763.80,BRL,captured,2026-07-16,2026-07-16
CT-202608-00158,dLocal,BR,credit_card,1540.95,BRL,refunded,2026-07-31,2026-07-31
CT-202608-00159,Stripe,US,debit_card,234.25,USD,captured,2026-07-30,2026-07-30
CT-202608-00160,Adyen,US,debit_card,337.88,USD,captured,2026-07-17,2026-07-17
CT-202608-00161,Adyen,BR,debit_card,2032.39,BRL,captured,2026-08-13,2026-08-13
CT-202608-00162,Stripe,MX,oxxo,3746.10,MXN,authorized,2026-07-16,
CT-202608-00163,Adyen,MX,credit_card,2500.78,MXN,captured,2026-07-20,2026-07-20
CT-202608-00164,dLocal,BR,credit_card,1480.43,BRL,captured,2026-08-01,2026-08-02
CT-202608-00165,Adyen,US,credit_card,96.51,USD,captured,2026-08-12,2026-08-12
CT-202608-00166,Stripe,MX,oxxo,6390.20,MXN,captured,2026-07-26,2026-07-26
CT-202608-00167,Adyen,MX,credit_card,4420.19,MXN,captured,2026-08-03,2026-08-03
CT-202608-00168,dLocal,MX,credit_card,8437.38,MXN,refunded,2026-08-03,2026-08-03
CT-202608-00169,Stripe,US,credit_card,396.61,USD,captured,2026-07-18,2026-07-18
CT-202608-00170,Adyen,MX,debit_card,3230.04,MXN,captured,2026-08-11,2026-08-11
CT-202608-00171,dLocal,CO,pse,483458,COP,captured,2026-08-12,2026-08-12
CT-202608-00172,Adyen,BR,credit_card,1812.19,BRL,captured,2026-07-18,2026-07-18
CT-202608-00173,Adyen,MX,debit_card,3808.68,MXN,failed,2026-07-16,
CT-202608-00174,dLocal,CO,credit_card,1163029,COP,captured,2026-07-23,2026-07-23
CT-202608-00175,Stripe,MX,credit_card,8862.48,MXN,captured,2026-08-03,2026-08-03
CT-202608-00176,Adyen,MX,credit_card,2057.25,MXN,captured,2026-07-30,2026-07-30
CT-202608-00177,Adyen,MX,debit_card,6007.01,MXN,captured,2026-08-06,2026-08-06
CT-202608-00178,dLocal,MX,credit_card,8019.09,MXN,captured,2026-07-23,2026-07-23
CT-202608-00179,dLocal,CO,pse,1191780,COP,captured,2026-08-04,2026-08-04
CT-202608-00180,dLocal,CO,pse,25494,COP,failed,2026-07-29,
CT-202608-00181,dLocal,CO,credit_card,914269,COP,captured,2026-07-18,2026-07-18
CT-202608-00182,Stripe,MX,credit_card,3097.65,MXN,authorized,2026-07-26,
CT-202608-00183,Stripe,US,debit_card,327.51,USD,captured,2026-07-31,2026-08-01
CT-202608-00184,Adyen,BR,debit_card,1955.13,BRL,captured,2026-07-17,2026-07-18
CT-202608-00185,Adyen,BR,debit_card,2140.49,BRL,captured,2026-07-17,2026-07-17
CT-202608-00186,PayU Latam,CO,cash,1647278,COP,captured,2026-07-29,2026-07-30
CT-202608-00187,Adyen,US,debit_card,413.43,USD,refunded,2026-07-22,2026-07-22
CT-202608-00188,Stripe,MX,credit_card,3846.32,MXN,captured,2026-07-29,2026-07-29
CT-202608-00189,Stripe,US,debit_card,333.21,USD,captured,2026-07-26,2026-07-26
CT-202608-00190,Adyen,MX,debit_card,843.41,MXN,authorized,2026-07-29,
CT-202608-00191,Stripe,US,debit_card,207.90,USD,failed,2026-07-22,
CT-202608-00192,dLocal,CO,credit_card,513382,COP,captured,2026-07-20,2026-07-21
CT-202608-00193,Adyen,BR,pix,504.37,BRL,captured,2026-08-10,2026-08-10
CT-202608-00194,Adyen,MX,credit_card,1296.02,MXN,authorized,2026-08-13,
CT-202608-00195,Stripe,US,credit_card,51.56,USD,captured,2026-07-21,2026-07-21
CT-202608-00196,Adyen,MX,credit_card,3982.12,MXN,captured,2026-08-13,2026-08-13
CT-202608-00197,Adyen,BR,credit_card,1138.64,BRL,captured,2026-08-02,2026-08-03
CT-202608-00198,dLocal,MX,spei,3454.31,MXN,captured,2026-08-12,2026-08-12
CT-202608-00199,dLocal,BR,credit_card,1258.15,BRL,captured,2026-07-26,2026-07-26
CT-202608-00200,dLocal,BR,pix,1270.26,BRL,failed,2026-07-16,
CT-202608-00201,PayU Latam,CO,cash,911867,COP,captured,2026-07-26,2026-07-26
CT-202608-00202,Adyen,US,debit_card,385.47,USD,authorized,2026-07-18,
CT-202608-00203,Stripe,MX,credit_card,8942.14,MXN,captured,2026-07-26,2026-07-26
CT-202608-00204,Adyen,MX,debit_card,2767.18,MXN,captured,2026-08-05,2026-08-06
CT-202608-00205,Adyen,BR,debit_card,1775.85,BRL,captured,2026-08-01,2026-08-01
CT-202608-00206,dLocal,CO,credit_card,727852,COP,authorized,2026-08-10,
CT-202608-00207,Stripe,US,debit_card,475.55,USD,refunded,2026-08-09,2026-08-09
CT-202608-00208,dLocal,MX,spei,1538.04,MXN,captured,2026-08-08,2026-08-08
CT-202608-00209,PayU Latam,CO,cash,716151,COP,captured,2026-07-24,2026-07-25
CT-202608-00210,dLocal,BR,credit_card,392.27,BRL,captured,2026-08-05,2026-08-05
CT-202608-00211,Adyen,US,credit_card,25.86,USD,captured,2026-07-25,2026-07-25
CT-202608-00212,Stripe,US,debit_card,126.54,USD,captured,2026-07-21,2026-07-21
CT-202608-00213,Stripe,MX,credit_card,1138.05,MXN,authorized,2026-07-25,
CT-202608-00214,Adyen,BR,credit_card,1035.25,BRL,captured,2026-08-07,2026-08-07
CT-202608-00215,Adyen,US,debit_card,98.35,USD,captured,2026-07-21,2026-07-22
CT-202608-00216,dLocal,MX,spei,6646.73,MXN,captured,2026-08-05,2026-08-05
CT-202608-00217,dLocal,MX,credit_card,4410.44,MXN,captured,2026-08-02,2026-08-02
CT-202608-00218,Adyen,MX,credit_card,175.49,MXN,refunded,2026-08-11,2026-08-11
CT-202608-00219,Stripe,MX,credit_card,2161.55,MXN,captured,2026-08-10,2026-08-10
CT-202608-00220,Adyen,US,credit_card,392.66,USD,captured,2026-07-20,2026-07-20
CT-202608-00221,dLocal,CO,credit_card,1795914,COP,captured,2026-07-24,2026-07-24
CT-202608-00222,Stripe,US,debit_card,231.85,USD,captured,2026-07-18,2026-07-18
CT-202608-00223,Stripe,US,credit_card,195.03,USD,captured,2026-07-24,2026-07-24
CT-202608-00224,Adyen,US,credit_card,461.45,USD,captured,2026-07-20,2026-07-20
CT-202608-00225,dLocal,CO,pse,1540358,COP,failed,2026-08-06,
CT-202608-00226,Adyen,BR,credit_card,319.73,BRL,captured,2026-08-09,2026-08-10
CT-202608-00227,PayU Latam,CO,credit_card,991949,COP,captured,2026-07-16,2026-07-16
CT-202608-00228,Stripe,US,debit_card,44.93,USD,refunded,2026-07-16,2026-07-16
CT-202608-00229,dLocal,BR,credit_card,1742.65,BRL,captured,2026-08-04,2026-08-04
CT-202608-00230,dLocal,CO,credit_card,811577,COP,captured,2026-08-11,2026-08-12
CT-202608-00231,PayU Latam,CO,credit_card,346475,COP,authorized,2026-08-09,
CT-202608-00232,dLocal,MX,credit_card,3319.88,MXN,authorized,2026-07-23,
CT-202608-00233,PayU Latam,CO,pse,611894,COP,captured,2026-08-02,2026-08-02
CT-202608-00234,Stripe,US,credit_card,349.78,USD,captured,2026-08-13,2026-08-13
CT-202608-00235,Adyen,BR,debit_card,748.06,BRL,captured,2026-08-07,2026-08-08
CT-202608-00236,dLocal,BR,credit_card,2349.44,BRL,captured,2026-07-29,2026-07-30
CT-202608-00237,Stripe,US,debit_card,242.76,USD,captured,2026-07-17,2026-07-17
CT-202608-00238,dLocal,BR,credit_card,491.56,BRL,captured,2026-08-07,2026-08-07
CT-202608-00239,Stripe,MX,oxxo,7294.78,MXN,captured,2026-08-07,2026-08-07
CT-202608-00240,Stripe,MX,credit_card,7853.73,MXN,failed,2026-08-08,
CT-202608-00241,Adyen,US,debit_card,214.12,USD,authorized,2026-07-16,
CT-202608-00242,dLocal,BR,credit_card,1082.37,BRL,authorized,2026-07-20,
CT-202608-00243,dLocal,CO,credit_card,1639026,COP,captured,2026-07-20,2026-07-20
CT-202608-00244,dLocal,CO,credit_card,801348,COP,authorized,2026-08-10,
CT-202608-00245,dLocal,CO,credit_card,1084905,COP,captured,2026-07-16,2026-07-16
CT-202608-00246,dLocal,CO,pse,1658166,COP,captured,2026-07-27,2026-07-27
CT-202608-00247,dLocal,MX,spei,7108.25,MXN,captured,2026-08-05,2026-08-05
CT-202608-00248,Adyen,MX,debit_card,6332.75,MXN,refunded,2026-08-11,2026-08-11
CT-202608-00249,Adyen,BR,credit_card,2291.25,BRL,captured,2026-08-02,2026-08-02
CT-202608-00250,Stripe,US,debit_card,30.99,USD,captured,2026-08-05,2026-08-05
CT-202608-00251,Stripe,MX,oxxo,8100.75,MXN,captured,2026-08-08,2026-08-08
CT-202608-00252,dLocal,BR,credit_card,993.07,BRL,captured,2026-07-30,2026-07-30
CT-202608-00253,dLocal,CO,credit_card,827836,COP,captured,2026-07-30,2026-07-31
CT-202608-00254,dLocal,BR,credit_card,877.94,BRL,captured,2026-08-14,2026-08-14
CT-202608-00255,PayU Latam,CO,pse,870345,COP,captured,2026-08-03,2026-08-04
CT-202608-00256,dLocal,CO,pse,799654,COP,captured,2026-08-10,2026-08-10
CT-202608-00257,Stripe,US,debit_card,226.22,USD,captured,2026-08-05,2026-08-05
CT-202608-00258,dLocal,BR,credit_card,1780.69,BRL,captured,2026-07-24,2026-07-24
CT-202608-00259,Adyen,US,debit_card,187.95,USD,captured,2026-08-02,2026-08-02
CT-202608-00260,Adyen,MX,debit_card,527.96,MXN,authorized,2026-08-03,
CT-202608-00261,dLocal,BR,credit_card,1841.04,BRL,captured,2026-07-18,2026-07-18
CT-202608-00262,dLocal,BR,pix,2139.77,BRL,captured,2026-07-18,2026-07-18
CT-202608-00263,dLocal,BR,credit_card,1142.44,BRL,captured,2026-08-04,2026-08-05
CT-202608-00264,Adyen,BR,debit_card,1401.27,BRL,captured,2026-08-04,2026-08-04
CT-202608-00265,dLocal,CO,credit_card,465762,COP,authorized,2026-07-27,
CT-202608-00266,Stripe,MX,credit_card,5189.52,MXN,captured,2026-07-21,2026-07-22
CT-202608-00267,Adyen,US,credit_card,499.88,USD,captured,2026-07-20,2026-07-20
CT-202608-00268,Stripe,MX,credit_card,1604.21,MXN,captured,2026-08-04,2026-08-04
CT-202608-00269,Adyen,US,debit_card,126.91,USD,captured,2026-07-27,2026-07-27
CT-202608-00270,dLocal,MX,spei,1830.53,MXN,captured,2026-07-23,2026-07-24
CT-202608-00271,Adyen,US,credit_card,417.95,USD,captured,2026-07-16,2026-07-16
CT-202608-00272,Adyen,MX,credit_card,8601.91,MXN,captured,2026-07-29,2026-07-29
CT-202608-00273,Adyen,US,debit_card,225.68,USD,captured,2026-07-16,2026-07-17
CT-202608-00274,Adyen,US,credit_card,66.58,USD,captured,2026-08-13,2026-08-13
CT-202608-00275,Adyen,BR,pix,1377.89,BRL,captured,2026-07-30,2026-07-30
CT-202608-00276,Adyen,US,debit_card,347.35,USD,authorized,2026-08-08,
CT-202608-00277,PayU Latam,CO,cash,1229386,COP,authorized,2026-07-21,
CT-202608-00278,Stripe,US,credit_card,428.09,USD,captured,2026-08-08,2026-08-08
CT-202608-00279,dLocal,BR,pix,1015.30,BRL,authorized,2026-07-17,
CT-202608-00280,dLocal,MX,credit_card,2947.63,MXN,authorized,2026-07-28,
CT-202608-00281,Adyen,US,debit_card,142.57,USD,authorized,2026-08-10,
CT-202608-00282,PayU Latam,CO,pse,38241,COP,captured,2026-07-19,2026-07-19
CT-202608-00283,Adyen,MX,credit_card,1084.03,MXN,captured,2026-07-28,2026-07-28
CT-202608-00284,dLocal,MX,credit_card,6940.98,MXN,captured,2026-07-20,2026-07-20
CT-202608-00285,Stripe,US,debit_card,367.21,USD,captured,2026-07-20,2026-07-20
CT-202608-00286,dLocal,MX,spei,4814.24,MXN,captured,2026-07-28,2026-07-28
CT-202608-00287,dLocal,CO,credit_card,206040,COP,authorized,2026-08-12,
CT-202608-00288,PayU Latam,CO,pse,1582226,COP,failed,2026-07-31,
CT-202608-00289,PayU Latam,CO,credit_card,262838,COP,captured,2026-08-14,2026-08-14
CT-202608-00290,Adyen,BR,pix,27.13,BRL,authorized,2026-07-31,
CT-202608-00291,Adyen,US,debit_card,9.56,USD,refunded,2026-08-07,2026-08-07
CT-202608-00292,Adyen,US,debit_card,110.38,USD,refunded,2026-07-18,2026-07-18
CT-202608-00293,dLocal,CO,credit_card,1291031,COP,captured,2026-08-10,2026-08-10
CT-202608-00294,dLocal,CO,pse,1360467,COP,captured,2026-07-25,2026-07-25
CT-202608-00295,dLocal,BR,credit_card,364.70,BRL,captured,2026-07-19,2026-07-19
CT-202608-00296,dLocal,BR,pix,533.79,BRL,failed,2026-07-17,
CT-202608-00297,Adyen,BR,pix,780.00,BRL,captured,2026-08-14,2026-08-14
CT-202608-00298,dLocal,BR,pix,280.44,BRL,captured,2026-07-24,2026-07-24
CT-202608-00299,dLocal,BR,pix,2050.48,BRL,captured,2026-07-16,2026-07-16
CT-202608-00300,dLocal,BR,credit_card,2336.75,BRL,captured,2026-08-03,2026-08-03
CT-202608-00301,Adyen,US,debit_card,344.80,USD,captured,2026-08-02,2026-08-02
CT-202608-00302,Adyen,MX,debit_card,7831.21,MXN,captured,2026-07-16,2026-07-16
CT-202608-00303,dLocal,CO,pse,1411637,COP,captured,2026-08-02,2026-08-02
CT-202608-00304,Adyen,BR,pix,1960.64,BRL,captured,2026-08-14,2026-08-14
CT-202608-00305,Adyen,US,debit_card,391.23,USD,authorized,2026-07-28,
CT-202608-00306,Stripe,MX,credit_card,112.52,MXN,captured,2026-07-29,2026-07-29
CT-202608-00307,dLocal,BR,pix,1145.87,BRL,captured,2026-07-28,2026-07-28
CT-202608-00308,Stripe,US,debit_card,290.41,USD,captured,2026-08-06,2026-08-06
CT-202608-00309,dLocal,BR,credit_card,1039.97,BRL,captured,2026-07-30,2026-07-31
CT-202608-00310,dLocal,CO,credit_card,1485937,COP,captured,2026-07-30,2026-07-30
CT-202608-00311,dLocal,CO,pse,929558,COP,captured,2026-08-06,2026-08-06
CT-202608-00312,PayU Latam,CO,cash,1823183,COP,captured,2026-08-02,2026-08-03
CT-202608-00313,dLocal,CO,pse,1837388,COP,refunded,2026-07-16,2026-07-17
CT-202608-00314,PayU Latam,CO,pse,626556,COP,captured,2026-07-20,2026-07-20
CT-202608-00315,Adyen,US,debit_card,291.20,USD,failed,2026-07-28,
CT-202608-00316,dLocal,BR,credit_card,52.66,BRL,captured,2026-08-06,2026-08-06
CT-202608-00317,dLocal,BR,credit_card,1342.86,BRL,captured,2026-07-31,2026-07-31
CT-202608-00318,dLocal,CO,pse,1447674,COP,failed,2026-08-08,
CT-202608-00319,Stripe,US,debit_card,31.66,USD,captured,2026-07-27,2026-07-27
CT-202608-00320,PayU Latam,CO,pse,1312918,COP,captured,2026-08-10,2026-08-11
CT-202608-00321,Adyen,US,debit_card,205.37,USD,refunded,2026-08-07,2026-08-07
CT-202608-00322,Adyen,US,debit_card,180.47,USD,failed,2026-08-12,
CT-202608-00323,Stripe,MX,credit_card,4941.49,MXN,failed,2026-07-27,
CT-202608-00324,dLocal,BR,pix,675.47,BRL,captured,2026-08-03,2026-08-03
CT-202608-00325,Adyen,MX,credit_card,6223.12,MXN,captured,2026-07-19,2026-07-20
CT-202608-00326,dLocal,CO,pse,1678366,COP,captured,2026-08-08,2026-08-08
CT-202608-00327,Stripe,MX,oxxo,7529.33,MXN,authorized,2026-08-04,
CT-202608-00328,dLocal,BR,pix,2283.88,BRL,refunded,2026-07-25,2026-07-25
CT-202608-00329,Stripe,MX,oxxo,4042.80,MXN,authorized,2026-08-06,
CT-202608-00330,Adyen,US,debit_card,125.12,USD,captured,2026-08-05,2026-08-05
CT-202608-00331,PayU Latam,CO,pse,42320,COP,captured,2026-07-23,2026-07-23
CT-202608-00332,Adyen,MX,credit_card,419.06,MXN,authorized,2026-07-28,
CT-202608-00333,Stripe,US,debit_card,351.45,USD,captured,2026-08-11,2026-08-11
CT-202608-00334,Adyen,MX,credit_card,3908.96,MXN,captured,2026-07-25,2026-07-25
CT-202608-00335,Stripe,MX,credit_card,7306.57,MXN,captured,2026-07-23,2026-07-23
CT-202608-00336,dLocal,CO,pse,947398,COP,captured,2026-07-31,2026-07-31
CT-202608-00337,Adyen,BR,debit_card,2328.86,BRL,authorized,2026-08-02,
CT-202608-00338,Stripe,MX,oxxo,6040.74,MXN,captured,2026-08-05,2026-08-05
CT-202608-00339,Stripe,MX,oxxo,2172.56,MXN,captured,2026-07-16,2026-07-16
